Materiales;Periodo;Total
Aluminio;2023M06;143,269
Aluminio;2023M05;145,53
Aluminio;2023M04;148,582
Aluminio;2023M03;146,918
Aluminio;2023M02;151,785
Aluminio;2023M01;153,574
Aluminio;2022M12;154,824
Aluminio;2022M11;157,613
Aluminio;2022M10;159,1
Aluminio;2022M09;166,616
Aluminio;2022M08;168,133
Aluminio;2022M07;172,744
Aluminio;2022M06;175,994
Aluminio;2022M05;182,554
Aluminio;2022M04;178,627
Aluminio;2022M03;167,396
Aluminio;2022M02;158,629
Aluminio;2022M01;151,44
Aluminio;2021M12;146,05
Aluminio;2021M11;146,149
Aluminio;2021M10;142,856
Aluminio;2021M09;134,963
Aluminio;2021M08;130,465
Aluminio;2021M07;123,264
Aluminio;2021M06;118,634
Aluminio;2021M05;114,917
Aluminio;2021M04;110,05
Aluminio;2021M03;107,706
Aluminio;2021M02;105,181
Aluminio;2021M01;104,385
Aluminio;2020M12;102,175
Aluminio;2020M11;101,39
Aluminio;2020M10;101,196
Aluminio;2020M09;99,464
Aluminio;2020M08;100,943
Aluminio;2020M07;98,567
Aluminio;2020M06;98,493
Aluminio;2020M05;98,661
Aluminio;2020M04;101,333
Aluminio;2020M03;102,192
Aluminio;2020M02;103,353
Aluminio;2020M01;105,514
Aluminio;2019M12;105,714
Aluminio;2019M11;105,298
Aluminio;2019M10;104,133
Aluminio;2019M09;103,885
Aluminio;2019M08;104,982
Aluminio;2019M07;106,746
Aluminio;2019M06;106,723
Aluminio;2019M05;106,359
Aluminio;2019M04;106,385
Aluminio;2019M03;107,628
Aluminio;2019M02;107,295
Aluminio;2019M01;108,241
Aluminio;2018M12;106,424
Aluminio;2018M11;108,18
Aluminio;2018M10;109,854
Aluminio;2018M09;108,279
Aluminio;2018M08;112,173
Aluminio;2018M07;113,047
Aluminio;2018M06;112,806
Aluminio;2018M05;108,532
Aluminio;2018M04;106,6
Aluminio;2018M03;106,347
Aluminio;2018M02;107,704
Aluminio;2018M01;108,44
Aluminio;2017M12;107,579
Aluminio;2017M11;106,911
Aluminio;2017M10;105,204
Aluminio;2017M09;104,348
Aluminio;2017M08;102,985
Aluminio;2017M07;104,835
Aluminio;2017M06;104,927
Aluminio;2017M05;106,202
Aluminio;2017M04;106,564
Aluminio;2017M03;104,702
Aluminio;2017M02;103,664
Aluminio;2017M01;101,711
Aluminio;2016M12;100,59
Aluminio;2016M11;98,934
Aluminio;2016M10;97,351
Aluminio;2016M09;97,826
Aluminio;2016M08;98,384
Aluminio;2016M07;96,846
Aluminio;2016M06;96,354
Aluminio;2016M05;95,913
Aluminio;2016M04;95,97
Aluminio;2016M03;96,411
Aluminio;2016M02;96,778
Aluminio;2016M01;97,13
Aluminio;2015M12;96,653
Aluminio;2015M11;98,726
Aluminio;2015M10;98,988
Aluminio;2015M09;100,464
Aluminio;2015M08;102,242
Aluminio;2015M07;104,089
Aluminio;2015M06;107,774
Aluminio;2015M05;111,153
Aluminio;2015M04;110,232
Aluminio;2015M03;109,289
Aluminio;2015M02;107,159
Aluminio;2015M01;106,618
Aluminio;2014M12;106,908
Aluminio;2014M11;105,012
Aluminio;2014M10;104,061
Aluminio;2014M09;102,914
Aluminio;2014M08;99,548
Aluminio;2014M07;97,01
Aluminio;2014M06;94,124
Aluminio;2014M05;93,617
Aluminio;2014M04;92,053
Aluminio;2014M03;91,836
Aluminio;2014M02;91,995
Aluminio;2014M01;91,474
Aluminio;2013M12;91,403
Aluminio;2013M11;92,357
Aluminio;2013M10;93,142
Aluminio;2013M09;93,866
Aluminio;2013M08;93,997
Aluminio;2013M07;94,464
Aluminio;2013M06;95,359
Aluminio;2013M05;95,941
Aluminio;2013M04;97,428
Aluminio;2013M03;99,077
Aluminio;2013M02;99,291
Aluminio;2013M01;100,758
Aluminio;2012M12;97,369
Aluminio;2012M11;98,622
Aluminio;2012M10;98,88
Aluminio;2012M09;98,112
Aluminio;2012M08;98,99
Aluminio;2012M07;98,086
Aluminio;2012M06;98,772
Aluminio;2012M05;99,035
Aluminio;2012M04;100,612
Aluminio;2012M03;100,672
Aluminio;2012M02;99,612
Aluminio;2012M01;98,517
Materiales bituminosos;2023M06;141,429
Materiales bituminosos;2023M05;143,874
Materiales bituminosos;2023M04;141,322
Materiales bituminosos;2023M03;130,926
Materiales bituminosos;2023M02;128,257
Materiales bituminosos;2023M01;131,619
Materiales bituminosos;2022M12;140,47
Materiales bituminosos;2022M11;136,42
Materiales bituminosos;2022M10;134,668
Materiales bituminosos;2022M09;150,511
Materiales bituminosos;2022M08;161,701
Materiales bituminosos;2022M07;167,352
Materiales bituminosos;2022M06;169,901
Materiales bituminosos;2022M05;166,475
Materiales bituminosos;2022M04;170,58
Materiales bituminosos;2022M03;148,893
Materiales bituminosos;2022M02;139,471
Materiales bituminosos;2022M01;125,934
Materiales bituminosos;2021M12;124,703
Materiales bituminosos;2021M11;131,539
Materiales bituminosos;2021M10;125,118
Materiales bituminosos;2021M09;119,958
Materiales bituminosos;2021M08;118,152
Materiales bituminosos;2021M07;115,172
Materiales bituminosos;2021M06;109,97
Materiales bituminosos;2021M05;105,445
Materiales bituminosos;2021M04;105,967
Materiales bituminosos;2021M03;103,164
Materiales bituminosos;2021M02;97,61
Materiales bituminosos;2021M01;93,686
Materiales bituminosos;2020M12;91,863
Materiales bituminosos;2020M11;89,484
Materiales bituminosos;2020M10;93,203
Materiales bituminosos;2020M09;93,709
Materiales bituminosos;2020M08;92,7
Materiales bituminosos;2020M07;83,099
Materiales bituminosos;2020M06;74,124
Materiales bituminosos;2020M05;66,74
Materiales bituminosos;2020M04;79,972
Materiales bituminosos;2020M03;95,926
Materiales bituminosos;2020M02;97,459
Materiales bituminosos;2020M01;86,569
Materiales bituminosos;2019M12;82,409
Materiales bituminosos;2019M11;85,403
Materiales bituminosos;2019M10;92,346
Materiales bituminosos;2019M09;91,649
Materiales bituminosos;2019M08;97,516
Materiales bituminosos;2019M07;99,488
Materiales bituminosos;2019M06;100,713
Materiales bituminosos;2019M05;107,102
Materiales bituminosos;2019M04;105,079
Materiales bituminosos;2019M03;103,1
Materiales bituminosos;2019M02;96,572
Materiales bituminosos;2019M01;91,616
Materiales bituminosos;2018M12;97,416
Materiales bituminosos;2018M11;105,185
Materiales bituminosos;2018M10;105,798
Materiales bituminosos;2018M09;102,643
Materiales bituminosos;2018M08;101,843
Materiales bituminosos;2018M07;101,442
Materiales bituminosos;2018M06;100,183
Materiales bituminosos;2018M05;92,177
Materiales bituminosos;2018M04;86,434
Materiales bituminosos;2018M03;84,506
Materiales bituminosos;2018M02;84,802
Materiales bituminosos;2018M01;84,886
Materiales bituminosos;2017M12;86,428
Materiales bituminosos;2017M11;83,888
Materiales bituminosos;2017M10;82,434
Materiales bituminosos;2017M09;78,585
Materiales bituminosos;2017M08;77,334
Materiales bituminosos;2017M07;77,303
Materiales bituminosos;2017M06;78,742
Materiales bituminosos;2017M05;80,789
Materiales bituminosos;2017M04;80,373
Materiales bituminosos;2017M03;82,994
Materiales bituminosos;2017M02;85,229
Materiales bituminosos;2017M01;82,956
Materiales bituminosos;2016M12;74,844
Materiales bituminosos;2016M11;72,161
Materiales bituminosos;2016M10;69,528
Materiales bituminosos;2016M09;66,034
Materiales bituminosos;2016M08;66,527
Materiales bituminosos;2016M07;64,673
Materiales bituminosos;2016M06;61,51
Materiales bituminosos;2016M05;56,113
Materiales bituminosos;2016M04;51,76
Materiales bituminosos;2016M03;47,542
Materiales bituminosos;2016M02;44,897
Materiales bituminosos;2016M01;52,678
Materiales bituminosos;2015M12;58,34
Materiales bituminosos;2015M11;60,485
Materiales bituminosos;2015M10;60,946
Materiales bituminosos;2015M09;62,222
Materiales bituminosos;2015M08;70,367
Materiales bituminosos;2015M07;78,392
Materiales bituminosos;2015M06;79,629
Materiales bituminosos;2015M05;79,446
Materiales bituminosos;2015M04;76,052
Materiales bituminosos;2015M03;77,933
Materiales bituminosos;2015M02;69,604
Materiales bituminosos;2015M01;75,231
Materiales bituminosos;2014M12;82,363
Materiales bituminosos;2014M11;88,349
Materiales bituminosos;2014M10;94,819
Materiales bituminosos;2014M09;95,449
Materiales bituminosos;2014M08;95,445
Materiales bituminosos;2014M07;96,787
Materiales bituminosos;2014M06;96,789
Materiales bituminosos;2014M05;95,792
Materiales bituminosos;2014M04;95,77
Materiales bituminosos;2014M03;95,803
Materiales bituminosos;2014M02;95,908
Materiales bituminosos;2014M01;95,702
Materiales bituminosos;2013M12;96,866
Materiales bituminosos;2013M11;97,514
Materiales bituminosos;2013M10;99,392
Materiales bituminosos;2013M09;99,637
Materiales bituminosos;2013M08;101,619
Materiales bituminosos;2013M07;99,16
Materiales bituminosos;2013M06;98,694
Materiales bituminosos;2013M05;98,92
Materiales bituminosos;2013M04;101,397
Materiales bituminosos;2013M03;102,917
Materiales bituminosos;2013M02;99,852
Materiales bituminosos;2013M01;97,487
Materiales bituminosos;2012M12;99,939
Materiales bituminosos;2012M11;102,506
Materiales bituminosos;2012M10;106,288
Materiales bituminosos;2012M09;109,404
Materiales bituminosos;2012M08;108,405
Materiales bituminosos;2012M07;103,945
Materiales bituminosos;2012M06;107,428
Materiales bituminosos;2012M05;109,085
Materiales bituminosos;2012M04;110,311
Materiales bituminosos;2012M03;110,974
Materiales bituminosos;2012M02;108,849
Materiales bituminosos;2012M01;104,103
Cemento;2023M06;144,501
Cemento;2023M05;144,349
Cemento;2023M04;143,441
Cemento;2023M03;143,492
Cemento;2023M02;143,292
Cemento;2023M01;134,004
Cemento;2022M12;127,728
Cemento;2022M11;127,354
Cemento;2022M10;126,743
Cemento;2022M09;125,544
Cemento;2022M08;125,084
Cemento;2022M07;124,92
Cemento;2022M06;123,965
Cemento;2022M05;121,238
Cemento;2022M04;115,481
Cemento;2022M03;114,101
Cemento;2022M02;113,911
Cemento;2022M01;111,269
Cemento;2021M12;105,098
Cemento;2021M11;105,315
Cemento;2021M10;103,417
Cemento;2021M09;102,986
Cemento;2021M08;103,107
Cemento;2021M07;102,441
Cemento;2021M06;102,624
Cemento;2021M05;102,019
Cemento;2021M04;101,875
Cemento;2021M03;101,741
Cemento;2021M02;101,964
Cemento;2021M01;101,89
Cemento;2020M12;101,12
Cemento;2020M11;101,52
Cemento;2020M10;101,328
Cemento;2020M09;101,242
Cemento;2020M08;101,03
Cemento;2020M07;101,264
Cemento;2020M06;101,554
Cemento;2020M05;101,723
Cemento;2020M04;101,999
Cemento;2020M03;102,145
Cemento;2020M02;102,392
Cemento;2020M01;101,602
Cemento;2019M12;100,913
Cemento;2019M11;100,604
Cemento;2019M10;100,825
Cemento;2019M09;100,969
Cemento;2019M08;101,427
Cemento;2019M07;101,119
Cemento;2019M06;101,028
Cemento;2019M05;100,695
Cemento;2019M04;100,923
Cemento;2019M03;100,85
Cemento;2019M02;100,737
Cemento;2019M01;100,47
Cemento;2018M12;99,486
Cemento;2018M11;99,452
Cemento;2018M10;99,266
Cemento;2018M09;99,429
Cemento;2018M08;99,716
Cemento;2018M07;99,734
Cemento;2018M06;99,224
Cemento;2018M05;99,21
Cemento;2018M04;99,783
Cemento;2018M03;99,026
Cemento;2018M02;99,008
Cemento;2018M01;98,311
Cemento;2017M12;98,529
Cemento;2017M11;98,428
Cemento;2017M10;98,922
Cemento;2017M09;98,879
Cemento;2017M08;98,79
Cemento;2017M07;98,795
Cemento;2017M06;98,759
Cemento;2017M05;98,884
Cemento;2017M04;98,83
Cemento;2017M03;99,208
Cemento;2017M02;99,466
Cemento;2017M01;100,491
Cemento;2016M12;100,479
Cemento;2016M11;100,08
Cemento;2016M10;101,301
Cemento;2016M09;100,778
Cemento;2016M08;100,665
Cemento;2016M07;101,136
Cemento;2016M06;100,602
Cemento;2016M05;100,588
Cemento;2016M04;100,793
Cemento;2016M03;100,616
Cemento;2016M02;100,276
Cemento;2016M01;100,316
Cemento;2015M12;100,255
Cemento;2015M11;100,245
Cemento;2015M10;100,145
Cemento;2015M09;99,96
Cemento;2015M08;100,31
Cemento;2015M07;100,414
Cemento;2015M06;101,399
Cemento;2015M05;101,305
Cemento;2015M04;101,012
Cemento;2015M03;102,009
Cemento;2015M02;100,692
Cemento;2015M01;101,529
Cemento;2014M12;100,87
Cemento;2014M11;100,994
Cemento;2014M10;100,286
Cemento;2014M09;99,527
Cemento;2014M08;99,203
Cemento;2014M07;98,578
Cemento;2014M06;98,66
Cemento;2014M05;98,721
Cemento;2014M04;98,925
Cemento;2014M03;98,815
Cemento;2014M02;99,6
Cemento;2014M01;99,949
Cemento;2013M12;101,491
Cemento;2013M11;102,331
Cemento;2013M10;102,389
Cemento;2013M09;102,805
Cemento;2013M08;103,185
Cemento;2013M07;103,052
Cemento;2013M06;103,252
Cemento;2013M05;102,801
Cemento;2013M04;102,335
Cemento;2013M03;102,596
Cemento;2013M02;101,64
Cemento;2013M01;99,748
Cemento;2012M12;100,63
Cemento;2012M11;101,543
Cemento;2012M10;101,286
Cemento;2012M09;101,814
Cemento;2012M08;101,924
Cemento;2012M07;101,886
Cemento;2012M06;102,685
Cemento;2012M05;102,416
Cemento;2012M04;101,894
Cemento;2012M03;101,272
Cemento;2012M02;100,991
Cemento;2012M01;100,94
Energía;2023M06;123,424
Energía;2023M05;118,62
Energía;2023M04;121,93
Energía;2023M03;127,37
Energía;2023M02;137,104
Energía;2023M01;127,831
Energía;2022M12;136,408
Energía;2022M11;149,3
Energía;2022M10;154,792
Energía;2022M09;162,964
Energía;2022M08;172,827
Energía;2022M07;170,907
Energía;2022M06;169,817
Energía;2022M05;156,11
Energía;2022M04;156,982
Energía;2022M03;174,381
Energía;2022M02;143,818
Energía;2022M01;136,765
Energía;2021M12;137,204
Energía;2021M11;129,362
Energía;2021M10;128,587
Energía;2021M09;117,361
Energía;2021M08;110,282
Energía;2021M07;107,813
Energía;2021M06;103,849
Energía;2021M05;100,081
Energía;2021M04;98,407
Energía;2021M03;94,561
Energía;2021M02;88,018
Energía;2021M01;90,486
Energía;2020M12;83,972
Energía;2020M11;81,14
Energía;2020M10;79,205
Energía;2020M09;80,504
Energía;2020M08;80,119
Energía;2020M07;79,587
Energía;2020M06;76,56
Energía;2020M05;72,536
Energía;2020M04;73,975
Energía;2020M03;86,775
Energía;2020M02;93,468
Energía;2020M01;96,735
Energía;2019M12;91,965
Energía;2019M11;92,178
Energía;2019M10;92,704
Energía;2019M09;90,152
Energía;2019M08;90,786
Energía;2019M07;92,99
Energía;2019M06;92,145
Energía;2019M05;95,735
Energía;2019M04;95,101
Energía;2019M03;94,327
Energía;2019M02;93,949
Energía;2019M01;91,494
Energía;2018M12;92,294
Energía;2018M11;97,914
Energía;2018M10;100,969
Energía;2018M09;99,405
Energía;2018M08;97,455
Energía;2018M07;97,955
Energía;2018M06;96,797
Energía;2018M05;94,516
Energía;2018M04;88,054
Energía;2018M03;86,293
Energía;2018M02;88,642
Energía;2018M01;90,562
Energía;2017M12;89,292
Energía;2017M11;89,048
Energía;2017M10;86,808
Energía;2017M09;83,613
Energía;2017M08;82,123
Energía;2017M07;81,236
Energía;2017M06;81,877
Energía;2017M05;83,404
Energía;2017M04;84,88
Energía;2017M03;84,539
Energía;2017M02;87,737
Energía;2017M01;92,232
Energía;2016M12;87,101
Energía;2016M11;82,051
Energía;2016M10;82,007
Energía;2016M09;77,812
Energía;2016M08;76,073
Energía;2016M07;76,896
Energía;2016M06;77,034
Energía;2016M05;72,166
Energía;2016M04;68,223
Energía;2016M03;68,274
Energía;2016M02;66,255
Energía;2016M01;68,189
Energía;2015M12;75,044
Energía;2015M11;79,085
Energía;2015M10;78,703
Energía;2015M09;79,432
Energía;2015M08;82,191
Energía;2015M07;87,961
Energía;2015M06;89,239
Energía;2015M05;89,39
Energía;2015M04;87,357
Energía;2015M03;86,376
Energía;2015M02;84,073
Energía;2015M01;81,422
Energía;2014M12;85,954
Energía;2014M11;92,187
Energía;2014M10;96,256
Energía;2014M09;99,455
Energía;2014M08;97,553
Energía;2014M07;97,514
Energía;2014M06;98,663
Energía;2014M05;96,549
Energía;2014M04;93,571
Energía;2014M03;94,784
Energía;2014M02;95,289
Energía;2014M01;95,348
Energía;2013M12;99,906
Energía;2013M11;99,131
Energía;2013M10;99,773
Energía;2013M09;100,36
Energía;2013M08;99,441
Energía;2013M07;99,594
Energía;2013M06;97,95
Energía;2013M05;97,854
Energía;2013M04;98,478
Energía;2013M03;102,944
Energía;2013M02;104,094
Energía;2013M01;102,191
Energía;2012M12;99,61
Energía;2012M11;100,433
Energía;2012M10;101,224
Energía;2012M09;102,853
Energía;2012M08;102,219
Energía;2012M07;100,212
Energía;2012M06;98,892
Energía;2012M05;100,64
Energía;2012M04;101,833
Energía;2012M03;106,753
Energía;2012M02;105,33
Energía;2012M01;104,54
Focos y luminarias;2023M06;118,587
Focos y luminarias;2023M05;117,363
Focos y luminarias;2023M04;116,512
Focos y luminarias;2023M03;116,805
Focos y luminarias;2023M02;116,805
Focos y luminarias;2023M01;116,805
Focos y luminarias;2022M12;116,805
Focos y luminarias;2022M11;114,605
Focos y luminarias;2022M10;114,605
Focos y luminarias;2022M09;112,13
Focos y luminarias;2022M08;112,13
Focos y luminarias;2022M07;112,13
Focos y luminarias;2022M06;110,857
Focos y luminarias;2022M05;110,857
Focos y luminarias;2022M04;110,462
Focos y luminarias;2022M03;110,049
Focos y luminarias;2022M02;110,049
Focos y luminarias;2022M01;109,588
Focos y luminarias;2021M12;108,382
Focos y luminarias;2021M11;108,382
Focos y luminarias;2021M10;108,382
Focos y luminarias;2021M09;107,946
Focos y luminarias;2021M08;107,882
Focos y luminarias;2021M07;107,946
Focos y luminarias;2021M06;107,946
Focos y luminarias;2021M05;107,946
Focos y luminarias;2021M04;107,946
Focos y luminarias;2021M03;107,781
Focos y luminarias;2021M02;107,188
Focos y luminarias;2021M01;107,329
Focos y luminarias;2020M12;106,744
Focos y luminarias;2020M11;106,419
Focos y luminarias;2020M10;106,603
Focos y luminarias;2020M09;106,559
Focos y luminarias;2020M08;106,761
Focos y luminarias;2020M07;106,42
Focos y luminarias;2020M06;106,488
Focos y luminarias;2020M05;106,223
Focos y luminarias;2020M04;106,223
Focos y luminarias;2020M03;106,333
Focos y luminarias;2020M02;106,341
Focos y luminarias;2020M01;106,057
Focos y luminarias;2019M12;105,899
Focos y luminarias;2019M11;105,897
Focos y luminarias;2019M10;105,896
Focos y luminarias;2019M09;105,889
Focos y luminarias;2019M08;105,872
Focos y luminarias;2019M07;105,867
Focos y luminarias;2019M06;105,92
Focos y luminarias;2019M05;103,647
Focos y luminarias;2019M04;103,677
Focos y luminarias;2019M03;103,65
Focos y luminarias;2019M02;103,385
Focos y luminarias;2019M01;102,944
Focos y luminarias;2018M12;102,059
Focos y luminarias;2018M11;102,063
Focos y luminarias;2018M10;102,017
Focos y luminarias;2018M09;102,065
Focos y luminarias;2018M08;102,082
Focos y luminarias;2018M07;102,159
Focos y luminarias;2018M06;102,011
Focos y luminarias;2018M05;102,204
Focos y luminarias;2018M04;102,089
Focos y luminarias;2018M03;102,495
Focos y luminarias;2018M02;102,495
Focos y luminarias;2018M01;102,947
Focos y luminarias;2017M12;101,886
Focos y luminarias;2017M11;102,916
Focos y luminarias;2017M10;102,68
Focos y luminarias;2017M09;102,68
Focos y luminarias;2017M08;102,372
Focos y luminarias;2017M07;102,204
Focos y luminarias;2017M06;103,439
Focos y luminarias;2017M05;101,938
Focos y luminarias;2017M04;101,616
Focos y luminarias;2017M03;101,677
Focos y luminarias;2017M02;101,685
Focos y luminarias;2017M01;101,685
Focos y luminarias;2016M12;100,417
Focos y luminarias;2016M11;100,417
Focos y luminarias;2016M10;100,457
Focos y luminarias;2016M09;100,307
Focos y luminarias;2016M08;100,457
Focos y luminarias;2016M07;100,457
Focos y luminarias;2016M06;100,457
Focos y luminarias;2016M05;100,457
Focos y luminarias;2016M04;100,457
Focos y luminarias;2016M03;100,457
Focos y luminarias;2016M02;100,457
Focos y luminarias;2016M01;100,334
Focos y luminarias;2015M12;99,66
Focos y luminarias;2015M11;99,717
Focos y luminarias;2015M10;99,717
Focos y luminarias;2015M09;99,289
Focos y luminarias;2015M08;99,337
Focos y luminarias;2015M07;99,337
Focos y luminarias;2015M06;99,156
Focos y luminarias;2015M05;99,156
Focos y luminarias;2015M04;98,659
Focos y luminarias;2015M03;98,53
Focos y luminarias;2015M02;98,622
Focos y luminarias;2015M01;98,607
Focos y luminarias;2014M12;98,98
Focos y luminarias;2014M11;99,132
Focos y luminarias;2014M10;99,406
Focos y luminarias;2014M09;99,353
Focos y luminarias;2014M08;99,398
Focos y luminarias;2014M07;99,473
Focos y luminarias;2014M06;99,097
Focos y luminarias;2014M05;99,225
Focos y luminarias;2014M04;99,159
Focos y luminarias;2014M03;99,232
Focos y luminarias;2014M02;99,212
Focos y luminarias;2014M01;99,351
Focos y luminarias;2013M12;98,794
Focos y luminarias;2013M11;98,794
Focos y luminarias;2013M10;98,665
Focos y luminarias;2013M09;100,192
Focos y luminarias;2013M08;103,914
Focos y luminarias;2013M07;105,543
Focos y luminarias;2013M06;105,543
Focos y luminarias;2013M05;105,543
Focos y luminarias;2013M04;105,543
Focos y luminarias;2013M03;99,866
Focos y luminarias;2013M02;98,059
Focos y luminarias;2013M01;99,043
Focos y luminarias;2012M12;98,407
Focos y luminarias;2012M11;99,855
Focos y luminarias;2012M10;100,127
Focos y luminarias;2012M09;100,127
Focos y luminarias;2012M08;100,127
Focos y luminarias;2012M07;100,127
Focos y luminarias;2012M06;100,127
Focos y luminarias;2012M05;100,127
Focos y luminarias;2012M04;100,142
Focos y luminarias;2012M03;100,02
Focos y luminarias;2012M02;100,02
Focos y luminarias;2012M01;100,02
Materiales cerámicos;2023M06;156,136
Materiales cerámicos;2023M05;156,416
Materiales cerámicos;2023M04;157,917
Materiales cerámicos;2023M03;159,225
Materiales cerámicos;2023M02;162,853
Materiales cerámicos;2023M01;162,018
Materiales cerámicos;2022M12;159,248
Materiales cerámicos;2022M11;159,589
Materiales cerámicos;2022M10;158,516
Materiales cerámicos;2022M09;158,37
Materiales cerámicos;2022M08;156,739
Materiales cerámicos;2022M07;157,39
Materiales cerámicos;2022M06;153,97
Materiales cerámicos;2022M05;153,484
Materiales cerámicos;2022M04;153,254
Materiales cerámicos;2022M03;146,268
Materiales cerámicos;2022M02;136,914
Materiales cerámicos;2022M01;127,231
Materiales cerámicos;2021M12;117,097
Materiales cerámicos;2021M11;111,635
Materiales cerámicos;2021M10;109,165
Materiales cerámicos;2021M09;106,861
Materiales cerámicos;2021M08;105,115
Materiales cerámicos;2021M07;104,779
Materiales cerámicos;2021M06;104,579
Materiales cerámicos;2021M05;104,437
Materiales cerámicos;2021M04;104,222
Materiales cerámicos;2021M03;104,805
Materiales cerámicos;2021M02;104,86
Materiales cerámicos;2021M01;104,484
Materiales cerámicos;2020M12;104,329
Materiales cerámicos;2020M11;104,378
Materiales cerámicos;2020M10;104,441
Materiales cerámicos;2020M09;104,655
Materiales cerámicos;2020M08;104,447
Materiales cerámicos;2020M07;104,39
Materiales cerámicos;2020M06;103,6
Materiales cerámicos;2020M05;103,553
Materiales cerámicos;2020M04;103,298
Materiales cerámicos;2020M03;103,285
Materiales cerámicos;2020M02;102,425
Materiales cerámicos;2020M01;101,757
Materiales cerámicos;2019M12;101,846
Materiales cerámicos;2019M11;101,986
Materiales cerámicos;2019M10;101,737
Materiales cerámicos;2019M09;101,724
Materiales cerámicos;2019M08;101,635
Materiales cerámicos;2019M07;101,395
Materiales cerámicos;2019M06;101,395
Materiales cerámicos;2019M05;101,213
Materiales cerámicos;2019M04;101,059
Materiales cerámicos;2019M03;100,833
Materiales cerámicos;2019M02;100,435
Materiales cerámicos;2019M01;100,154
Materiales cerámicos;2018M12;99,844
Materiales cerámicos;2018M11;99,759
Materiales cerámicos;2018M10;99,738
Materiales cerámicos;2018M09;99,579
Materiales cerámicos;2018M08;99,484
Materiales cerámicos;2018M07;99,764
Materiales cerámicos;2018M06;99,398
Materiales cerámicos;2018M05;99,059
Materiales cerámicos;2018M04;99,546
Materiales cerámicos;2018M03;99,591
Materiales cerámicos;2018M02;99,354
Materiales cerámicos;2018M01;99,58
Materiales cerámicos;2017M12;99,417
Materiales cerámicos;2017M11;99,538
Materiales cerámicos;2017M10;99,31
Materiales cerámicos;2017M09;99,094
Materiales cerámicos;2017M08;99,1
Materiales cerámicos;2017M07;99,298
Materiales cerámicos;2017M06;99,13
Materiales cerámicos;2017M05;98,605
Materiales cerámicos;2017M04;98,444
Materiales cerámicos;2017M03;98,69
Materiales cerámicos;2017M02;98,569
Materiales cerámicos;2017M01;98,551
Materiales cerámicos;2016M12;98,405
Materiales cerámicos;2016M11;98,476
Materiales cerámicos;2016M10;98,522
Materiales cerámicos;2016M09;98,442
Materiales cerámicos;2016M08;98,55
Materiales cerámicos;2016M07;98,828
Materiales cerámicos;2016M06;98,613
Materiales cerámicos;2016M05;98,536
Materiales cerámicos;2016M04;98,485
Materiales cerámicos;2016M03;99,019
Materiales cerámicos;2016M02;99,124
Materiales cerámicos;2016M01;99,698
Materiales cerámicos;2015M12;99,535
Materiales cerámicos;2015M11;99,445
Materiales cerámicos;2015M10;99,535
Materiales cerámicos;2015M09;99,636
Materiales cerámicos;2015M08;99,715
Materiales cerámicos;2015M07;99,629
Materiales cerámicos;2015M06;99,714
Materiales cerámicos;2015M05;99,55
Materiales cerámicos;2015M04;99,669
Materiales cerámicos;2015M03;99,559
Materiales cerámicos;2015M02;99,479
Materiales cerámicos;2015M01;99,707
Materiales cerámicos;2014M12;99,867
Materiales cerámicos;2014M11;99,66
Materiales cerámicos;2014M10;99,783
Materiales cerámicos;2014M09;99,527
Materiales cerámicos;2014M08;99,609
Materiales cerámicos;2014M07;99,352
Materiales cerámicos;2014M06;99,388
Materiales cerámicos;2014M05;98,823
Materiales cerámicos;2014M04;98,326
Materiales cerámicos;2014M03;97,807
Materiales cerámicos;2014M02;97,561
Materiales cerámicos;2014M01;97,475
Materiales cerámicos;2013M12;98,384
Materiales cerámicos;2013M11;98,156
Materiales cerámicos;2013M10;98,426
Materiales cerámicos;2013M09;97,893
Materiales cerámicos;2013M08;97,726
Materiales cerámicos;2013M07;97,44
Materiales cerámicos;2013M06;96,748
Materiales cerámicos;2013M05;97,276
Materiales cerámicos;2013M04;97,185
Materiales cerámicos;2013M03;97,436
Materiales cerámicos;2013M02;97,699
Materiales cerámicos;2013M01;97,328
Materiales cerámicos;2012M12;97,473
Materiales cerámicos;2012M11;97,6
Materiales cerámicos;2012M10;97,987
Materiales cerámicos;2012M09;97,802
Materiales cerámicos;2012M08;98,37
Materiales cerámicos;2012M07;98,668
Materiales cerámicos;2012M06;98,731
Materiales cerámicos;2012M05;98,579
Materiales cerámicos;2012M04;99,378
Materiales cerámicos;2012M03;99,358
Materiales cerámicos;2012M02;99,973
Materiales cerámicos;2012M01;99,443
Madera;2023M06;135,177
Madera;2023M05;135,219
Madera;2023M04;133,997
Madera;2023M03;134,195
Madera;2023M02;134,05
Madera;2023M01;134,156
Madera;2022M12;133,485
Madera;2022M11;133,609
Madera;2022M10;133,719
Madera;2022M09;133,832
Madera;2022M08;133,942
Madera;2022M07;133,11
Madera;2022M06;132,456
Madera;2022M05;131,83
Madera;2022M04;129,785
Madera;2022M03;128,992
Madera;2022M02;127,915
Madera;2022M01;120,447
Madera;2021M12;118,607
Madera;2021M11;118,027
Madera;2021M10;117,381
Madera;2021M09;116,124
Madera;2021M08;115,859
Madera;2021M07;115,277
Madera;2021M06;113,753
Madera;2021M05;112,158
Madera;2021M04;111,008
Madera;2021M03;110,708
Madera;2021M02;109,962
Madera;2021M01;109,166
Madera;2020M12;109,195
Madera;2020M11;109,228
Madera;2020M10;109,009
Madera;2020M09;108,97
Madera;2020M08;108,867
Madera;2020M07;108,853
Madera;2020M06;108,734
Madera;2020M05;108,699
Madera;2020M04;108,712
Madera;2020M03;108,86
Madera;2020M02;108,565
Madera;2020M01;108,523
Madera;2019M12;108,378
Madera;2019M11;108,34
Madera;2019M10;108,325
Madera;2019M09;108,345
Madera;2019M08;108,184
Madera;2019M07;108,038
Madera;2019M06;108,034
Madera;2019M05;107,884
Madera;2019M04;107,722
Madera;2019M03;107,642
Madera;2019M02;107,536
Madera;2019M01;107,056
Madera;2018M12;106,717
Madera;2018M11;106,776
Madera;2018M10;106,75
Madera;2018M09;106,777
Madera;2018M08;106,723
Madera;2018M07;106,746
Madera;2018M06;106,484
Madera;2018M05;106,228
Madera;2018M04;106,237
Madera;2018M03;106,991
Madera;2018M02;106,736
Madera;2018M01;106,502
Madera;2017M12;106,372
Madera;2017M11;106,261
Madera;2017M10;106,184
Madera;2017M09;106,085
Madera;2017M08;106,18
Madera;2017M07;106,225
Madera;2017M06;106,139
Madera;2017M05;106,089
Madera;2017M04;106,134
Madera;2017M03;106,061
Madera;2017M02;106,012
Madera;2017M01;105,726
Madera;2016M12;105,414
Madera;2016M11;105,59
Madera;2016M10;105,757
Madera;2016M09;105,71
Madera;2016M08;105,699
Madera;2016M07;105,67
Madera;2016M06;105,522
Madera;2016M05;105,709
Madera;2016M04;105,329
Madera;2016M03;105,167
Madera;2016M02;104,329
Madera;2016M01;104,306
Madera;2015M12;103,612
Madera;2015M11;103,587
Madera;2015M10;103,86
Madera;2015M09;103,85
Madera;2015M08;103,942
Madera;2015M07;103,928
Madera;2015M06;103,928
Madera;2015M05;103,619
Madera;2015M04;103,507
Madera;2015M03;102,743
Madera;2015M02;102,648
Madera;2015M01;102,444
Madera;2014M12;102,158
Madera;2014M11;102,188
Madera;2014M10;102,069
Madera;2014M09;102,27
Madera;2014M08;102,264
Madera;2014M07;102,252
Madera;2014M06;102,183
Madera;2014M05;102,26
Madera;2014M04;101,87
Madera;2014M03;101,682
Madera;2014M02;101,754
Madera;2014M01;101,404
Madera;2013M12;101,03
Madera;2013M11;101,072
Madera;2013M10;100,968
Madera;2013M09;100,934
Madera;2013M08;100,963
Madera;2013M07;100,835
Madera;2013M06;100,902
Madera;2013M05;100,804
Madera;2013M04;100,803
Madera;2013M03;100,732
Madera;2013M02;100,579
Madera;2013M01;100,439
Madera;2012M12;100,172
Madera;2012M11;100,259
Madera;2012M10;100,164
Madera;2012M09;99,969
Madera;2012M08;99,904
Madera;2012M07;99,911
Madera;2012M06;99,781
Madera;2012M05;99,874
Madera;2012M04;99,842
Madera;2012M03;99,875
Madera;2012M02;99,923
Madera;2012M01;100,054
Productos plásticos;2023M06;129,171
Productos plásticos;2023M05;129,706
Productos plásticos;2023M04;129,718
Productos plásticos;2023M03;129,817
Productos plásticos;2023M02;130,135
Productos plásticos;2023M01;129,83
Productos plásticos;2022M12;129,2
Productos plásticos;2022M11;130,301
Productos plásticos;2022M10;130,356
Productos plásticos;2022M09;130,656
Productos plásticos;2022M08;130,415
Productos plásticos;2022M07;130,574
Productos plásticos;2022M06;134,084
Productos plásticos;2022M05;133,495
Productos plásticos;2022M04;131,723
Productos plásticos;2022M03;126,305
Productos plásticos;2022M02;124,403
Productos plásticos;2022M01;123,274
Productos plásticos;2021M12;119,658
Productos plásticos;2021M11;118,284
Productos plásticos;2021M10;117,276
Productos plásticos;2021M09;116,736
Productos plásticos;2021M08;115,802
Productos plásticos;2021M07;115,293
Productos plásticos;2021M06;114,242
Productos plásticos;2021M05;113,229
Productos plásticos;2021M04;110,728
Productos plásticos;2021M03;108,768
Productos plásticos;2021M02;106,081
Productos plásticos;2021M01;104,906
Productos plásticos;2020M12;104,311
Productos plásticos;2020M11;104,158
Productos plásticos;2020M10;104,167
Productos plásticos;2020M09;103,982
Productos plásticos;2020M08;103,91
Productos plásticos;2020M07;103,773
Productos plásticos;2020M06;103,844
Productos plásticos;2020M05;103,924
Productos plásticos;2020M04;104,153
Productos plásticos;2020M03;104,355
Productos plásticos;2020M02;104,479
Productos plásticos;2020M01;104,344
Productos plásticos;2019M12;104,257
Productos plásticos;2019M11;104,972
Productos plásticos;2019M10;104,654
Productos plásticos;2019M09;104,951
Productos plásticos;2019M08;105,274
Productos plásticos;2019M07;105,109
Productos plásticos;2019M06;105,202
Productos plásticos;2019M05;105,075
Productos plásticos;2019M04;105,239
Productos plásticos;2019M03;105,26
Productos plásticos;2019M02;105,395
Productos plásticos;2019M01;105,449
Productos plásticos;2018M12;105,103
Productos plásticos;2018M11;105,128
Productos plásticos;2018M10;105,257
Productos plásticos;2018M09;105,223
Productos plásticos;2018M08;105,231
Productos plásticos;2018M07;105,206
Productos plásticos;2018M06;105,035
Productos plásticos;2018M05;105,124
Productos plásticos;2018M04;104,709
Productos plásticos;2018M03;104,886
Productos plásticos;2018M02;104,833
Productos plásticos;2018M01;104,574
Productos plásticos;2017M12;104,178
Productos plásticos;2017M11;104,069
Productos plásticos;2017M10;104,166
Productos plásticos;2017M09;103,932
Productos plásticos;2017M08;104,01
Productos plásticos;2017M07;104,336
Productos plásticos;2017M06;104,017
Productos plásticos;2017M05;104,069
Productos plásticos;2017M04;103,997
Productos plásticos;2017M03;104,123
Productos plásticos;2017M02;103,627
Productos plásticos;2017M01;103,37
Productos plásticos;2016M12;103,287
Productos plásticos;2016M11;103,251
Productos plásticos;2016M10;103,309
Productos plásticos;2016M09;103,198
Productos plásticos;2016M08;103,476
Productos plásticos;2016M07;103,653
Productos plásticos;2016M06;103,667
Productos plásticos;2016M05;103,546
Productos plásticos;2016M04;103,403
Productos plásticos;2016M03;103,36
Productos plásticos;2016M02;103,566
Productos plásticos;2016M01;103,64
Productos plásticos;2015M12;103,651
Productos plásticos;2015M11;103,732
Productos plásticos;2015M10;103,677
Productos plásticos;2015M09;104,24
Productos plásticos;2015M08;104,311
Productos plásticos;2015M07;104,239
Productos plásticos;2015M06;103,825
Productos plásticos;2015M05;103,282
Productos plásticos;2015M04;102,563
Productos plásticos;2015M03;102,041
Productos plásticos;2015M02;101,941
Productos plásticos;2015M01;102,201
Productos plásticos;2014M12;102,925
Productos plásticos;2014M11;102,734
Productos plásticos;2014M10;102,845
Productos plásticos;2014M09;103,017
Productos plásticos;2014M08;103,296
Productos plásticos;2014M07;103,396
Productos plásticos;2014M06;103,304
Productos plásticos;2014M05;102,904
Productos plásticos;2014M04;102,641
Productos plásticos;2014M03;101,993
Productos plásticos;2014M02;102,59
Productos plásticos;2014M01;102,289
Productos plásticos;2013M12;102,508
Productos plásticos;2013M11;102,316
Productos plásticos;2013M10;102,121
Productos plásticos;2013M09;102,095
Productos plásticos;2013M08;101,851
Productos plásticos;2013M07;102,072
Productos plásticos;2013M06;102,187
Productos plásticos;2013M05;102,309
Productos plásticos;2013M04;102,486
Productos plásticos;2013M03;102,268
Productos plásticos;2013M02;102,279
Productos plásticos;2013M01;102,187
Productos plásticos;2012M12;101,7
Productos plásticos;2012M11;101,686
Productos plásticos;2012M10;101,67
Productos plásticos;2012M09;101,467
Productos plásticos;2012M08;101,026
Productos plásticos;2012M07;101,124
Productos plásticos;2012M06;101,418
Productos plásticos;2012M05;101,623
Productos plásticos;2012M04;101,585
Productos plásticos;2012M03;101,025
Productos plásticos;2012M02;100,689
Productos plásticos;2012M01;100,045
Productos quimicos;2023M06;131,39
Productos quimicos;2023M05;131,854
Productos quimicos;2023M04;133,113
Productos quimicos;2023M03;134,383
Productos quimicos;2023M02;135,165
Productos quimicos;2023M01;135,185
Productos quimicos;2022M12;136,522
Productos quimicos;2022M11;137,021
Productos quimicos;2022M10;136,318
Productos quimicos;2022M09;136,333
Productos quimicos;2022M08;136,104
Productos quimicos;2022M07;136,304
Productos quimicos;2022M06;134,892
Productos quimicos;2022M05;132,863
Productos quimicos;2022M04;129,108
Productos quimicos;2022M03;127,271
Productos quimicos;2022M02;124,361
Productos quimicos;2022M01;123,309
Productos quimicos;2021M12;120,719
Productos quimicos;2021M11;119,867
Productos quimicos;2021M10;114,338
Productos quimicos;2021M09;112,111
Productos quimicos;2021M08;112,189
Productos quimicos;2021M07;110,165
Productos quimicos;2021M06;108,488
Productos quimicos;2021M05;107,875
Productos quimicos;2021M04;107,15
Productos quimicos;2021M03;106,337
Productos quimicos;2021M02;105,116
Productos quimicos;2021M01;104,702
Productos quimicos;2020M12;104,28
Productos quimicos;2020M11;104,193
Productos quimicos;2020M10;104,227
Productos quimicos;2020M09;104,008
Productos quimicos;2020M08;103,838
Productos quimicos;2020M07;104,358
Productos quimicos;2020M06;104,957
Productos quimicos;2020M05;103,525
Productos quimicos;2020M04;104,037
Productos quimicos;2020M03;104,141
Productos quimicos;2020M02;105,043
Productos quimicos;2020M01;105,621
Productos quimicos;2019M12;106,34
Productos quimicos;2019M11;106,581
Productos quimicos;2019M10;106,557
Productos quimicos;2019M09;106,411
Productos quimicos;2019M08;106,5
Productos quimicos;2019M07;107,138
Productos quimicos;2019M06;106,654
Productos quimicos;2019M05;107,255
Productos quimicos;2019M04;107,445
Productos quimicos;2019M03;107,4
Productos quimicos;2019M02;106,756
Productos quimicos;2019M01;106,9
Productos quimicos;2018M12;106,496
Productos quimicos;2018M11;105,609
Productos quimicos;2018M10;106,118
Productos quimicos;2018M09;106,244
Productos quimicos;2018M08;105,632
Productos quimicos;2018M07;104,813
Productos quimicos;2018M06;105,118
Productos quimicos;2018M05;105,542
Productos quimicos;2018M04;105,1
Productos quimicos;2018M03;105,19
Productos quimicos;2018M02;104,491
Productos quimicos;2018M01;104,266
Productos quimicos;2017M12;104,051
Productos quimicos;2017M11;103,449
Productos quimicos;2017M10;103,443
Productos quimicos;2017M09;103,919
Productos quimicos;2017M08;103,896
Productos quimicos;2017M07;103,723
Productos quimicos;2017M06;103,19
Productos quimicos;2017M05;103,339
Productos quimicos;2017M04;103,448
Productos quimicos;2017M03;103,044
Productos quimicos;2017M02;103,155
Productos quimicos;2017M01;103,182
Productos quimicos;2016M12;102,656
Productos quimicos;2016M11;102,273
Productos quimicos;2016M10;102,199
Productos quimicos;2016M09;101,788
Productos quimicos;2016M08;101,963
Productos quimicos;2016M07;101,613
Productos quimicos;2016M06;102,176
Productos quimicos;2016M05;100,435
Productos quimicos;2016M04;100,942
Productos quimicos;2016M03;101,704
Productos quimicos;2016M02;100,71
Productos quimicos;2016M01;101,233
Productos quimicos;2015M12;100,676
Productos quimicos;2015M11;101,034
Productos quimicos;2015M10;101,265
Productos quimicos;2015M09;101,496
Productos quimicos;2015M08;101,356
Productos quimicos;2015M07;101,988
Productos quimicos;2015M06;101,376
Productos quimicos;2015M05;101,8
Productos quimicos;2015M04;102,117
Productos quimicos;2015M03;102,297
Productos quimicos;2015M02;102,594
Productos quimicos;2015M01;102,288
Productos quimicos;2014M12;101,939
Productos quimicos;2014M11;101,796
Productos quimicos;2014M10;102,32
Productos quimicos;2014M09;102,904
Productos quimicos;2014M08;102,056
Productos quimicos;2014M07;102,18
Productos quimicos;2014M06;102,526
Productos quimicos;2014M05;102,868
Productos quimicos;2014M04;102,655
Productos quimicos;2014M03;102,096
Productos quimicos;2014M02;101,911
Productos quimicos;2014M01;102,455
Productos quimicos;2013M12;101,803
Productos quimicos;2013M11;101,136
Productos quimicos;2013M10;102,086
Productos quimicos;2013M09;101,908
Productos quimicos;2013M08;102,146
Productos quimicos;2013M07;101,822
Productos quimicos;2013M06;102,095
Productos quimicos;2013M05;102,512
Productos quimicos;2013M04;102,568
Productos quimicos;2013M03;102,703
Productos quimicos;2013M02;102,628
Productos quimicos;2013M01;102,387
Productos quimicos;2012M12;101,266
Productos quimicos;2012M11;101,24
Productos quimicos;2012M10;101,352
Productos quimicos;2012M09;102,313
Productos quimicos;2012M08;102,374
Productos quimicos;2012M07;102,275
Productos quimicos;2012M06;101,87
Productos quimicos;2012M05;99,942
Productos quimicos;2012M04;100,067
Productos quimicos;2012M03;100,154
Productos quimicos;2012M02;99,366
Productos quimicos;2012M01;100,916
Aridos y rocas;2023M06;124,406
Aridos y rocas;2023M05;124,182
Aridos y rocas;2023M04;124,037
Aridos y rocas;2023M03;123,88
Aridos y rocas;2023M02;123,29
Aridos y rocas;2023M01;121,755
Aridos y rocas;2022M12;119,015
Aridos y rocas;2022M11;118,936
Aridos y rocas;2022M10;118,865
Aridos y rocas;2022M09;118,774
Aridos y rocas;2022M08;116,539
Aridos y rocas;2022M07;116,567
Aridos y rocas;2022M06;115,74
Aridos y rocas;2022M05;114,952
Aridos y rocas;2022M04;113,908
Aridos y rocas;2022M03;110,965
Aridos y rocas;2022M02;111,491
Aridos y rocas;2022M01;109,472
Aridos y rocas;2021M12;106,109
Aridos y rocas;2021M11;105,877
Aridos y rocas;2021M10;105,25
Aridos y rocas;2021M09;104,721
Aridos y rocas;2021M08;104,473
Aridos y rocas;2021M07;104,571
Aridos y rocas;2021M06;105,054
Aridos y rocas;2021M05;104,483
Aridos y rocas;2021M04;104,516
Aridos y rocas;2021M03;104,938
Aridos y rocas;2021M02;104,831
Aridos y rocas;2021M01;104,622
Aridos y rocas;2020M12;104,371
Aridos y rocas;2020M11;104,755
Aridos y rocas;2020M10;104,246
Aridos y rocas;2020M09;104,294
Aridos y rocas;2020M08;104,242
Aridos y rocas;2020M07;104,198
Aridos y rocas;2020M06;103,88
Aridos y rocas;2020M05;104,523
Aridos y rocas;2020M04;104,776
Aridos y rocas;2020M03;104,346
Aridos y rocas;2020M02;104,317
Aridos y rocas;2020M01;104,673
Aridos y rocas;2019M12;102,445
Aridos y rocas;2019M11;102,561
Aridos y rocas;2019M10;102,596
Aridos y rocas;2019M09;102,838
Aridos y rocas;2019M08;103,448
Aridos y rocas;2019M07;102,91
Aridos y rocas;2019M06;102,39
Aridos y rocas;2019M05;102,941
Aridos y rocas;2019M04;102,614
Aridos y rocas;2019M03;102,612
Aridos y rocas;2019M02;103,421
Aridos y rocas;2019M01;102,686
Aridos y rocas;2018M12;102,632
Aridos y rocas;2018M11;102,367
Aridos y rocas;2018M10;102,099
Aridos y rocas;2018M09;101,529
Aridos y rocas;2018M08;101,61
Aridos y rocas;2018M07;102,172
Aridos y rocas;2018M06;101,841
Aridos y rocas;2018M05;102,093
Aridos y rocas;2018M04;102,045
Aridos y rocas;2018M03;101,917
Aridos y rocas;2018M02;101,836
Aridos y rocas;2018M01;101,003
Aridos y rocas;2017M12;100,332
Aridos y rocas;2017M11;100,57
Aridos y rocas;2017M10;100,404
Aridos y rocas;2017M09;100,374
Aridos y rocas;2017M08;100,248
Aridos y rocas;2017M07;100,286
Aridos y rocas;2017M06;100,786
Aridos y rocas;2017M05;99,908
Aridos y rocas;2017M04;99,78
Aridos y rocas;2017M03;99,667
Aridos y rocas;2017M02;98,869
Aridos y rocas;2017M01;100,212
Aridos y rocas;2016M12;99,364
Aridos y rocas;2016M11;99,013
Aridos y rocas;2016M10;99,263
Aridos y rocas;2016M09;99,35
Aridos y rocas;2016M08;99,602
Aridos y rocas;2016M07;99,213
Aridos y rocas;2016M06;99,256
Aridos y rocas;2016M05;99,535
Aridos y rocas;2016M04;99,623
Aridos y rocas;2016M03;102,181
Aridos y rocas;2016M02;102,085
Aridos y rocas;2016M01;100,847
Aridos y rocas;2015M12;101,545
Aridos y rocas;2015M11;101,121
Aridos y rocas;2015M10;101,728
Aridos y rocas;2015M09;101,841
Aridos y rocas;2015M08;101,887
Aridos y rocas;2015M07;101,859
Aridos y rocas;2015M06;102,147
Aridos y rocas;2015M05;102,221
Aridos y rocas;2015M04;101,31
Aridos y rocas;2015M03;101,403
Aridos y rocas;2015M02;101,85
Aridos y rocas;2015M01;102,42
Aridos y rocas;2014M12;101,6
Aridos y rocas;2014M11;101,914
Aridos y rocas;2014M10;101,497
Aridos y rocas;2014M09;101,944
Aridos y rocas;2014M08;101,91
Aridos y rocas;2014M07;102,903
Aridos y rocas;2014M06;102,218
Aridos y rocas;2014M05;102,457
Aridos y rocas;2014M04;102,051
Aridos y rocas;2014M03;102,213
Aridos y rocas;2014M02;102,082
Aridos y rocas;2014M01;102,315
Aridos y rocas;2013M12;102,221
Aridos y rocas;2013M11;102,924
Aridos y rocas;2013M10;102,353
Aridos y rocas;2013M09;102,097
Aridos y rocas;2013M08;101,053
Aridos y rocas;2013M07;101,616
Aridos y rocas;2013M06;100,911
Aridos y rocas;2013M05;101,585
Aridos y rocas;2013M04;101,818
Aridos y rocas;2013M03;101,571
Aridos y rocas;2013M02;101,78
Aridos y rocas;2013M01;100,333
Aridos y rocas;2012M12;99,273
Aridos y rocas;2012M11;99,599
Aridos y rocas;2012M10;99,382
Aridos y rocas;2012M09;99,6
Aridos y rocas;2012M08;99,359
Aridos y rocas;2012M07;99,402
Aridos y rocas;2012M06;99,818
Aridos y rocas;2012M05;99,891
Aridos y rocas;2012M04;99,513
Aridos y rocas;2012M03;99,384
Aridos y rocas;2012M02;100,321
Aridos y rocas;2012M01;99,763
Materiales siderúrgicos;2023M06;136,775
Materiales siderúrgicos;2023M05;138,918
Materiales siderúrgicos;2023M04;140,51
Materiales siderúrgicos;2023M03;144,306
Materiales siderúrgicos;2023M02;142,262
Materiales siderúrgicos;2023M01;144,562
Materiales siderúrgicos;2022M12;146,047
Materiales siderúrgicos;2022M11;150,449
Materiales siderúrgicos;2022M10;157,204
Materiales siderúrgicos;2022M09;159,945
Materiales siderúrgicos;2022M08;158,013
Materiales siderúrgicos;2022M07;160,528
Materiales siderúrgicos;2022M06;171,302
Materiales siderúrgicos;2022M05;180,533
Materiales siderúrgicos;2022M04;174,557
Materiales siderúrgicos;2022M03;158,279
Materiales siderúrgicos;2022M02;147,922
Materiales siderúrgicos;2022M01;145,223
Materiales siderúrgicos;2021M12;140,331
Materiales siderúrgicos;2021M11;138,544
Materiales siderúrgicos;2021M10;137,994
Materiales siderúrgicos;2021M09;137,78
Materiales siderúrgicos;2021M08;134,906
Materiales siderúrgicos;2021M07;132,739
Materiales siderúrgicos;2021M06;123,879
Materiales siderúrgicos;2021M05;116,624
Materiales siderúrgicos;2021M04;110,033
Materiales siderúrgicos;2021M03;108,389
Materiales siderúrgicos;2021M02;106,568
Materiales siderúrgicos;2021M01;102,104
Materiales siderúrgicos;2020M12;94,834
Materiales siderúrgicos;2020M11;91,961
Materiales siderúrgicos;2020M10;91,939
Materiales siderúrgicos;2020M09;90,574
Materiales siderúrgicos;2020M08;90,349
Materiales siderúrgicos;2020M07;90,048
Materiales siderúrgicos;2020M06;90,44
Materiales siderúrgicos;2020M05;91,392
Materiales siderúrgicos;2020M04;93,095
Materiales siderúrgicos;2020M03;93,926
Materiales siderúrgicos;2020M02;94,134
Materiales siderúrgicos;2020M01;94,415
Materiales siderúrgicos;2019M12;92,487
Materiales siderúrgicos;2019M11;92,461
Materiales siderúrgicos;2019M10;94,518
Materiales siderúrgicos;2019M09;96,063
Materiales siderúrgicos;2019M08;97,288
Materiales siderúrgicos;2019M07;97,624
Materiales siderúrgicos;2019M06;98,823
Materiales siderúrgicos;2019M05;99,344
Materiales siderúrgicos;2019M04;100,247
Materiales siderúrgicos;2019M03;100,251
Materiales siderúrgicos;2019M02;100,015
Materiales siderúrgicos;2019M01;101,03
Materiales siderúrgicos;2018M12;100,693
Materiales siderúrgicos;2018M11;101,566
Materiales siderúrgicos;2018M10;102,571
Materiales siderúrgicos;2018M09;101,805
Materiales siderúrgicos;2018M08;101,723
Materiales siderúrgicos;2018M07;101,547
Materiales siderúrgicos;2018M06;101,078
Materiales siderúrgicos;2018M05;101,413
Materiales siderúrgicos;2018M04;102,432
Materiales siderúrgicos;2018M03;102,864
Materiales siderúrgicos;2018M02;102,585
Materiales siderúrgicos;2018M01;101,547
Materiales siderúrgicos;2017M12;99,847
Materiales siderúrgicos;2017M11;98,765
Materiales siderúrgicos;2017M10;97,87
Materiales siderúrgicos;2017M09;96,729
Materiales siderúrgicos;2017M08;94,056
Materiales siderúrgicos;2017M07;93,144
Materiales siderúrgicos;2017M06;92,963
Materiales siderúrgicos;2017M05;93,248
Materiales siderúrgicos;2017M04;94,342
Materiales siderúrgicos;2017M03;93,911
Materiales siderúrgicos;2017M02;93,116
Materiales siderúrgicos;2017M01;92,858
Materiales siderúrgicos;2016M12;88,804
Materiales siderúrgicos;2016M11;86,025
Materiales siderúrgicos;2016M10;85,091
Materiales siderúrgicos;2016M09;86,084
Materiales siderúrgicos;2016M08;85,777
Materiales siderúrgicos;2016M07;87,95
Materiales siderúrgicos;2016M06;86,616
Materiales siderúrgicos;2016M05;85,498
Materiales siderúrgicos;2016M04;80,145
Materiales siderúrgicos;2016M03;76,461
Materiales siderúrgicos;2016M02;77,557
Materiales siderúrgicos;2016M01;78,112
Materiales siderúrgicos;2015M12;78,288
Materiales siderúrgicos;2015M11;78,287
Materiales siderúrgicos;2015M10;81,55
Materiales siderúrgicos;2015M09;83,908
Materiales siderúrgicos;2015M08;85,85
Materiales siderúrgicos;2015M07;87,077
Materiales siderúrgicos;2015M06;87,076
Materiales siderúrgicos;2015M05;86,556
Materiales siderúrgicos;2015M04;87,84
Materiales siderúrgicos;2015M03;87,336
Materiales siderúrgicos;2015M02;87,489
Materiales siderúrgicos;2015M01;87,602
Materiales siderúrgicos;2014M12;87,696
Materiales siderúrgicos;2014M11;89,009
Materiales siderúrgicos;2014M10;89,986
Materiales siderúrgicos;2014M09;89,339
Materiales siderúrgicos;2014M08;89,126
Materiales siderúrgicos;2014M07;89,77
Materiales siderúrgicos;2014M06;89,652
Materiales siderúrgicos;2014M05;90,126
Materiales siderúrgicos;2014M04;90,46
Materiales siderúrgicos;2014M03;90,634
Materiales siderúrgicos;2014M02;90,822
Materiales siderúrgicos;2014M01;90,964
Materiales siderúrgicos;2013M12;90,813
Materiales siderúrgicos;2013M11;91,521
Materiales siderúrgicos;2013M10;91,946
Materiales siderúrgicos;2013M09;91,057
Materiales siderúrgicos;2013M08;91,137
Materiales siderúrgicos;2013M07;91,054
Materiales siderúrgicos;2013M06;92,032
Materiales siderúrgicos;2013M05;94,48
Materiales siderúrgicos;2013M04;93,557
Materiales siderúrgicos;2013M03;94,419
Materiales siderúrgicos;2013M02;95,563
Materiales siderúrgicos;2013M01;95,052
Materiales siderúrgicos;2012M12;95,062
Materiales siderúrgicos;2012M11;94,477
Materiales siderúrgicos;2012M10;94,825
Materiales siderúrgicos;2012M09;96,14
Materiales siderúrgicos;2012M08;96,506
Materiales siderúrgicos;2012M07;98,248
Materiales siderúrgicos;2012M06;98,676
Materiales siderúrgicos;2012M05;99,742
Materiales siderúrgicos;2012M04;100,228
Materiales siderúrgicos;2012M03;100,453
Materiales siderúrgicos;2012M02;100,468
Materiales siderúrgicos;2012M01;99,741
Materiales electrónicos;2023M06;119,525
Materiales electrónicos;2023M05;119,742
Materiales electrónicos;2023M04;120,038
Materiales electrónicos;2023M03;119,967
Materiales electrónicos;2023M02;119,747
Materiales electrónicos;2023M01;118,952
Materiales electrónicos;2022M12;118,256
Materiales electrónicos;2022M11;118,019
Materiales electrónicos;2022M10;117,402
Materiales electrónicos;2022M09;117,54
Materiales electrónicos;2022M08;117,488
Materiales electrónicos;2022M07;117,172
Materiales electrónicos;2022M06;116,562
Materiales electrónicos;2022M05;115,825
Materiales electrónicos;2022M04;114,889
Materiales electrónicos;2022M03;114,23
Materiales electrónicos;2022M02;113,485
Materiales electrónicos;2022M01;110,961
Materiales electrónicos;2021M12;109,502
Materiales electrónicos;2021M11;109,646
Materiales electrónicos;2021M10;109,687
Materiales electrónicos;2021M09;109,361
Materiales electrónicos;2021M08;107,787
Materiales electrónicos;2021M07;107,738
Materiales electrónicos;2021M06;107,173
Materiales electrónicos;2021M05;105,052
Materiales electrónicos;2021M04;105,227
Materiales electrónicos;2021M03;105,386
Materiales electrónicos;2021M02;105,793
Materiales electrónicos;2021M01;105,329
Materiales electrónicos;2020M12;104,846
Materiales electrónicos;2020M11;104,631
Materiales electrónicos;2020M10;105,331
Materiales electrónicos;2020M09;105,54
Materiales electrónicos;2020M08;105,589
Materiales electrónicos;2020M07;106,28
Materiales electrónicos;2020M06;105,386
Materiales electrónicos;2020M05;106,138
Materiales electrónicos;2020M04;106,004
Materiales electrónicos;2020M03;105,69
Materiales electrónicos;2020M02;105,612
Materiales electrónicos;2020M01;105,435
Materiales electrónicos;2019M12;104,273
Materiales electrónicos;2019M11;104,578
Materiales electrónicos;2019M10;104,788
Materiales electrónicos;2019M09;104,546
Materiales electrónicos;2019M08;104,933
Materiales electrónicos;2019M07;104,459
Materiales electrónicos;2019M06;104,662
Materiales electrónicos;2019M05;104,909
Materiales electrónicos;2019M04;104,877
Materiales electrónicos;2019M03;104,775
Materiales electrónicos;2019M02;104,284
Materiales electrónicos;2019M01;103,477
Materiales electrónicos;2018M12;103,23
Materiales electrónicos;2018M11;103,533
Materiales electrónicos;2018M10;102,655
Materiales electrónicos;2018M09;103,062
Materiales electrónicos;2018M08;103,404
Materiales electrónicos;2018M07;102,381
Materiales electrónicos;2018M06;102,685
Materiales electrónicos;2018M05;102,15
Materiales electrónicos;2018M04;101,985
Materiales electrónicos;2018M03;101,735
Materiales electrónicos;2018M02;102,036
Materiales electrónicos;2018M01;102,172
Materiales electrónicos;2017M12;102,443
Materiales electrónicos;2017M11;102,33
Materiales electrónicos;2017M10;102,304
Materiales electrónicos;2017M09;102,06
Materiales electrónicos;2017M08;102,123
Materiales electrónicos;2017M07;101,972
Materiales electrónicos;2017M06;101,952
Materiales electrónicos;2017M05;101,622
Materiales electrónicos;2017M04;101,091
Materiales electrónicos;2017M03;101,329
Materiales electrónicos;2017M02;101,017
Materiales electrónicos;2017M01;100,71
Materiales electrónicos;2016M12;100,547
Materiales electrónicos;2016M11;100,466
Materiales electrónicos;2016M10;100,583
Materiales electrónicos;2016M09;100,631
Materiales electrónicos;2016M08;101,013
Materiales electrónicos;2016M07;101,159
Materiales electrónicos;2016M06;101,402
Materiales electrónicos;2016M05;100,936
Materiales electrónicos;2016M04;101,258
Materiales electrónicos;2016M03;101,543
Materiales electrónicos;2016M02;101,817
Materiales electrónicos;2016M01;102,129
Materiales electrónicos;2015M12;101,315
Materiales electrónicos;2015M11;101,948
Materiales electrónicos;2015M10;101,511
Materiales electrónicos;2015M09;100,905
Materiales electrónicos;2015M08;101,206
Materiales electrónicos;2015M07;101,107
Materiales electrónicos;2015M06;101,544
Materiales electrónicos;2015M05;101,067
Materiales electrónicos;2015M04;101,396
Materiales electrónicos;2015M03;101,344
Materiales electrónicos;2015M02;101,568
Materiales electrónicos;2015M01;101,601
Materiales electrónicos;2014M12;101,415
Materiales electrónicos;2014M11;101,318
Materiales electrónicos;2014M10;101,414
Materiales electrónicos;2014M09;101,347
Materiales electrónicos;2014M08;101,315
Materiales electrónicos;2014M07;101,356
Materiales electrónicos;2014M06;101,202
Materiales electrónicos;2014M05;101,045
Materiales electrónicos;2014M04;101,118
Materiales electrónicos;2014M03;100,932
Materiales electrónicos;2014M02;100,378
Materiales electrónicos;2014M01;101,077
Materiales electrónicos;2013M12;101,313
Materiales electrónicos;2013M11;101,077
Materiales electrónicos;2013M10;100,875
Materiales electrónicos;2013M09;101,037
Materiales electrónicos;2013M08;101,03
Materiales electrónicos;2013M07;101,169
Materiales electrónicos;2013M06;101,7
Materiales electrónicos;2013M05;101,442
Materiales electrónicos;2013M04;101,966
Materiales electrónicos;2013M03;101,818
Materiales electrónicos;2013M02;101,314
Materiales electrónicos;2013M01;101,901
Materiales electrónicos;2012M12;100,905
Materiales electrónicos;2012M11;101,024
Materiales electrónicos;2012M10;100,974
Materiales electrónicos;2012M09;100,96
Materiales electrónicos;2012M08;100,955
Materiales electrónicos;2012M07;101,034
Materiales electrónicos;2012M06;101,163
Materiales electrónicos;2012M05;101,152
Materiales electrónicos;2012M04;101,042
Materiales electrónicos;2012M03;100,904
Materiales electrónicos;2012M02;100,789
Materiales electrónicos;2012M01;100,677
Cobre;2023M06;128,544
Cobre;2023M05;125,312
Cobre;2023M04;132,993
Cobre;2023M03;134,865
Cobre;2023M02;139,622
Cobre;2023M01;144,463
Cobre;2022M12;129,571
Cobre;2022M11;131,691
Cobre;2022M10;128,279
Cobre;2022M09;128,691
Cobre;2022M08;128,14
Cobre;2022M07;119,679
Cobre;2022M06;141,872
Cobre;2022M05;145,071
Cobre;2022M04;155,235
Cobre;2022M03;150,924
Cobre;2022M02;144,796
Cobre;2022M01;140,314
Cobre;2021M12;141,139
Cobre;2021M11;141,056
Cobre;2021M10;140,605
Cobre;2021M09;129,872
Cobre;2021M08;130,876
Cobre;2021M07;131,116
Cobre;2021M06;129,753
Cobre;2021M05;138,834
Cobre;2021M04;130,128
Cobre;2021M03;124,598
Cobre;2021M02;117,473
Cobre;2021M01;109,529
Cobre;2020M12;106,343
Cobre;2020M11;99,975
Cobre;2020M10;96,726
Cobre;2020M09;96,141
Cobre;2020M08;93,221
Cobre;2020M07;94,197
Cobre;2020M06;89,924
Cobre;2020M05;85,114
Cobre;2020M04;84,262
Cobre;2020M03;82,249
Cobre;2020M02;90,795
Cobre;2020M01;93,893
Cobre;2019M12;96,617
Cobre;2019M11;93,653
Cobre;2019M10;91,967
Cobre;2019M09;93,719
Cobre;2019M08;89,064
Cobre;2019M07;93,886
Cobre;2019M06;93,354
Cobre;2019M05;94,396
Cobre;2019M04;100,256
Cobre;2019M03;100,59
Cobre;2019M02;98,622
Cobre;2019M01;92,964
Cobre;2018M12;94,385
Cobre;2018M11;97,24
Cobre;2018M10;95,147
Cobre;2018M09;91,464
Cobre;2018M08;91,844
Cobre;2018M07;96,152
Cobre;2018M06;104,62
Cobre;2018M05;100,93
Cobre;2018M04;98,087
Cobre;2018M03;96,611
Cobre;2018M02;99,844
Cobre;2018M01;100,521
Cobre;2017M12;102,378
Cobre;2017M11;95,586
Cobre;2017M10;104,977
Cobre;2017M09;96,253
Cobre;2017M08;96,615
Cobre;2017M07;95,549
Cobre;2017M06;91,774
Cobre;2017M05;94,312
Cobre;2017M04;94,747
Cobre;2017M03;97,465
Cobre;2017M02;96,245
Cobre;2017M01;95,037
Cobre;2016M12;92,135
Cobre;2016M11;93,071
Cobre;2016M10;78,493
Cobre;2016M09;77,472
Cobre;2016M08;79,091
Cobre;2016M07;82,214
Cobre;2016M06;77,674
Cobre;2016M05;77,16
Cobre;2016M04;78,804
Cobre;2016M03;80,915
Cobre;2016M02;76,231
Cobre;2016M01;76,721
Cobre;2015M12;79,395
Cobre;2015M11;83,358
Cobre;2015M10;85,647
Cobre;2015M09;85,349
Cobre;2015M08;84,609
Cobre;2015M07;91,037
Cobre;2015M06;95,386
Cobre;2015M05;101,244
Cobre;2015M04;100,87
Cobre;2015M03;98,416
Cobre;2015M02;92,765
Cobre;2015M01;91,916
Cobre;2014M12;95,312
Cobre;2014M11;97,853
Cobre;2014M10;96,466
Cobre;2014M09;97,126
Cobre;2014M08;95,432
Cobre;2014M07;94,892
Cobre;2014M06;91,627
Cobre;2014M05;91,929
Cobre;2014M04;88,557
Cobre;2014M03;88,655
Cobre;2014M02;95,159
Cobre;2014M01;96,777
Cobre;2013M12;98,637
Cobre;2013M11;94,313
Cobre;2013M10;95,57
Cobre;2013M09;96,681
Cobre;2013M08;97,29
Cobre;2013M07;96,058
Cobre;2013M06;96,406
Cobre;2013M05;101,424
Cobre;2013M04;103,228
Cobre;2013M03;107,743
Cobre;2013M02;108,887
Cobre;2013M01;109,476
Cobre;2012M12;108,132
Cobre;2012M11;106,403
Cobre;2012M10;106,463
Cobre;2012M09;104,634
Cobre;2012M08;103,22
Cobre;2012M07;105,153
Cobre;2012M06;102,274
Cobre;2012M05;104,962
Cobre;2012M04;103,275
Cobre;2012M03;108,723
Cobre;2012M02;106,663
Cobre;2012M01;105,908
Vidrio;2023M06;145,974
Vidrio;2023M05;145,797
Vidrio;2023M04;144,349
Vidrio;2023M03;144,972
Vidrio;2023M02;143,528
Vidrio;2023M01;142,583
Vidrio;2022M12;139,22
Vidrio;2022M11;139,01
Vidrio;2022M10;140,427
Vidrio;2022M09;137,038
Vidrio;2022M08;134,155
Vidrio;2022M07;133,061
Vidrio;2022M06;133,001
Vidrio;2022M05;132,881
Vidrio;2022M04;134,114
Vidrio;2022M03;127,141
Vidrio;2022M02;125,448
Vidrio;2022M01;125,8
Vidrio;2021M12;121,397
Vidrio;2021M11;120,294
Vidrio;2021M10;117,603
Vidrio;2021M09;115,894
Vidrio;2021M08;113,155
Vidrio;2021M07;114,106
Vidrio;2021M06;113,763
Vidrio;2021M05;112,4
Vidrio;2021M04;112,613
Vidrio;2021M03;111,946
Vidrio;2021M02;112,078
Vidrio;2021M01;111,574
Vidrio;2020M12;111,577
Vidrio;2020M11;110,996
Vidrio;2020M10;111,205
Vidrio;2020M09;111,119
Vidrio;2020M08;110,78
Vidrio;2020M07;110,854
Vidrio;2020M06;110,947
Vidrio;2020M05;108,357
Vidrio;2020M04;108,539
Vidrio;2020M03;109,398
Vidrio;2020M02;110,106
Vidrio;2020M01;109,719
Vidrio;2019M12;110,486
Vidrio;2019M11;109,729
Vidrio;2019M10;109,841
Vidrio;2019M09;109,963
Vidrio;2019M08;109,884
Vidrio;2019M07;109,962
Vidrio;2019M06;110,348
Vidrio;2019M05;110,333
Vidrio;2019M04;110,36
Vidrio;2019M03;109,939
Vidrio;2019M02;110,509
Vidrio;2019M01;109,723
Vidrio;2018M12;111,095
Vidrio;2018M11;109,592
Vidrio;2018M10;109,608
Vidrio;2018M09;108,857
Vidrio;2018M08;109,663
Vidrio;2018M07;109,327
Vidrio;2018M06;108,677
Vidrio;2018M05;108,745
Vidrio;2018M04;106,749
Vidrio;2018M03;106,567
Vidrio;2018M02;106,417
Vidrio;2018M01;108,665
Vidrio;2017M12;107,602
Vidrio;2017M11;111,191
Vidrio;2017M10;109,481
Vidrio;2017M09;108,504
Vidrio;2017M08;110,257
Vidrio;2017M07;109,096
Vidrio;2017M06;108,438
Vidrio;2017M05;106,581
Vidrio;2017M04;109,211
Vidrio;2017M03;108,778
Vidrio;2017M02;110,446
Vidrio;2017M01;108,307
Vidrio;2016M12;107,72
Vidrio;2016M11;107,436
Vidrio;2016M10;107,042
Vidrio;2016M09;108,669
Vidrio;2016M08;107,733
Vidrio;2016M07;109,703
Vidrio;2016M06;108,239
Vidrio;2016M05;108,252
Vidrio;2016M04;108,049
Vidrio;2016M03;107,448
Vidrio;2016M02;107,822
Vidrio;2016M01;108,029
Vidrio;2015M12;109,605
Vidrio;2015M11;108,354
Vidrio;2015M10;107,469
Vidrio;2015M09;109,073
Vidrio;2015M08;109,307
Vidrio;2015M07;108,412
Vidrio;2015M06;108,143
Vidrio;2015M05;107,198
Vidrio;2015M04;107,539
Vidrio;2015M03;107,7
Vidrio;2015M02;106,132
Vidrio;2015M01;106,774
Vidrio;2014M12;104,712
Vidrio;2014M11;105,792
Vidrio;2014M10;106,179
Vidrio;2014M09;105,104
Vidrio;2014M08;104,361
Vidrio;2014M07;105,509
Vidrio;2014M06;105,945
Vidrio;2014M05;105,071
Vidrio;2014M04;105,605
Vidrio;2014M03;105,402
Vidrio;2014M02;105,782
Vidrio;2014M01;105,426
Vidrio;2013M12;105,606
Vidrio;2013M11;106,25
Vidrio;2013M10;106,172
Vidrio;2013M09;105,913
Vidrio;2013M08;105,347
Vidrio;2013M07;103,454
Vidrio;2013M06;103,497
Vidrio;2013M05;101,928
Vidrio;2013M04;101,72
Vidrio;2013M03;102,563
Vidrio;2013M02;102,017
Vidrio;2013M01;101,18
Vidrio;2012M12;101,959
Vidrio;2012M11;100,017
Vidrio;2012M10;100,313
Vidrio;2012M09;99,117
Vidrio;2012M08;101,04
Vidrio;2012M07;100,432
Vidrio;2012M06;98,681
Vidrio;2012M05;100,21
Vidrio;2012M04;99,421
Vidrio;2012M03;101,467
Vidrio;2012M02;100,181
Vidrio;2012M01;102,073
Materiales explosivos;2023M06;121,138
Materiales explosivos;2023M05;120,273
Materiales explosivos;2023M04;122,771
Materiales explosivos;2023M03;124,186
Materiales explosivos;2023M02;126,8
Materiales explosivos;2023M01;127,886
Materiales explosivos;2022M12;133,718
Materiales explosivos;2022M11;134,378
Materiales explosivos;2022M10;134,438
Materiales explosivos;2022M09;132,084
Materiales explosivos;2022M08;129,389
Materiales explosivos;2022M07;124,778
Materiales explosivos;2022M06;121,411
Materiales explosivos;2022M05;124,153
Materiales explosivos;2022M04;123,728
Materiales explosivos;2022M03;120,297
Materiales explosivos;2022M02;116,174
Materiales explosivos;2022M01;116,35
Materiales explosivos;2021M12;113,052
Materiales explosivos;2021M11;113,18
Materiales explosivos;2021M10;111,929
Materiales explosivos;2021M09;111,971
Materiales explosivos;2021M08;112,545
Materiales explosivos;2021M07;111,49
Materiales explosivos;2021M06;110,649
Materiales explosivos;2021M05;111,05
Materiales explosivos;2021M04;111,778
Materiales explosivos;2021M03;115,235
Materiales explosivos;2021M02;119,779
Materiales explosivos;2021M01;120,383
Materiales explosivos;2020M12;121,978
Materiales explosivos;2020M11;120,982
Materiales explosivos;2020M10;118,992
Materiales explosivos;2020M09;118,107
Materiales explosivos;2020M08;118,785
Materiales explosivos;2020M07;117,702
Materiales explosivos;2020M06;119,107
Materiales explosivos;2020M05;118,367
Materiales explosivos;2020M04;119,719
Materiales explosivos;2020M03;120,276
Materiales explosivos;2020M02;120,218
Materiales explosivos;2020M01;120,625
Materiales explosivos;2019M12;123,56
Materiales explosivos;2019M11;124,056
Materiales explosivos;2019M10;123,157
Materiales explosivos;2019M09;126,6
Materiales explosivos;2019M08;124,608
Materiales explosivos;2019M07;122,933
Materiales explosivos;2019M06;122,676
Materiales explosivos;2019M05;122,36
Materiales explosivos;2019M04;123
Materiales explosivos;2019M03;122,599
Materiales explosivos;2019M02;121,975
Materiales explosivos;2019M01;123,271
Materiales explosivos;2018M12;124,338
Materiales explosivos;2018M11;116,07
Materiales explosivos;2018M10;112,282
Materiales explosivos;2018M09;113,332
Materiales explosivos;2018M08;111,696
Materiales explosivos;2018M07;104,786
Materiales explosivos;2018M06;102,664
Materiales explosivos;2018M05;101,665
Materiales explosivos;2018M04;99,714
Materiales explosivos;2018M03;100,25
Materiales explosivos;2018M02;101,525
Materiales explosivos;2018M01;100,277
Materiales explosivos;2017M12;102,492
Materiales explosivos;2017M11;104,249
Materiales explosivos;2017M10;102,767
Materiales explosivos;2017M09;102,205
Materiales explosivos;2017M08;102,967
Materiales explosivos;2017M07;103,223
Materiales explosivos;2017M06;101,968
Materiales explosivos;2017M05;102,359
Materiales explosivos;2017M04;102,503
Materiales explosivos;2017M03;103,102
Materiales explosivos;2017M02;102,791
Materiales explosivos;2017M01;104,269
Materiales explosivos;2016M12;106,224
Materiales explosivos;2016M11;106,13
Materiales explosivos;2016M10;108,378
Materiales explosivos;2016M09;107,911
Materiales explosivos;2016M08;110,122
Materiales explosivos;2016M07;110,802
Materiales explosivos;2016M06;110,842
Materiales explosivos;2016M05;108,437
Materiales explosivos;2016M04;109,027
Materiales explosivos;2016M03;109,913
Materiales explosivos;2016M02;108,389
Materiales explosivos;2016M01;110,376
Materiales explosivos;2015M12;108,904
Materiales explosivos;2015M11;109,102
Materiales explosivos;2015M10;108,819
Materiales explosivos;2015M09;107,237
Materiales explosivos;2015M08;107,252
Materiales explosivos;2015M07;107,797
Materiales explosivos;2015M06;106,345
Materiales explosivos;2015M05;107,502
Materiales explosivos;2015M04;106,69
Materiales explosivos;2015M03;108,84
Materiales explosivos;2015M02;107,595
Materiales explosivos;2015M01;107,286
Materiales explosivos;2014M12;107,849
Materiales explosivos;2014M11;107,481
Materiales explosivos;2014M10;109,036
Materiales explosivos;2014M09;108,533
Materiales explosivos;2014M08;110,048
Materiales explosivos;2014M07;110,315
Materiales explosivos;2014M06;105,748
Materiales explosivos;2014M05;104,222
Materiales explosivos;2014M04;102,456
Materiales explosivos;2014M03;101,952
Materiales explosivos;2014M02;102,078
Materiales explosivos;2014M01;102,185
Materiales explosivos;2013M12;101,244
Materiales explosivos;2013M11;101,504
Materiales explosivos;2013M10;101,129
Materiales explosivos;2013M09;102,666
Materiales explosivos;2013M08;102,33
Materiales explosivos;2013M07;101,331
Materiales explosivos;2013M06;103,294
Materiales explosivos;2013M05;101,821
Materiales explosivos;2013M04;101,862
Materiales explosivos;2013M03;101,072
Materiales explosivos;2013M02;102,667
Materiales explosivos;2013M01;99,987
Materiales explosivos;2012M12;97,711
Materiales explosivos;2012M11;100,506
Materiales explosivos;2012M10;99,787
Materiales explosivos;2012M09;100,666
Materiales explosivos;2012M08;98,281
Materiales explosivos;2012M07;99,666
Materiales explosivos;2012M06;101,483
Materiales explosivos;2012M05;99,275
Materiales explosivos;2012M04;101,168
Materiales explosivos;2012M03;100,365
Materiales explosivos;2012M02;99,559
Materiales explosivos;2012M01;99,372
